{
  "version": "30.0.0",
  "files": {
    "769dd443b0f1bfae11ae7c98c792435e6b69ddf77d27f0cd4b2c1451e551ccec": {
      "source": {
        "path": "DeploymentPlanStack.template.json",
        "packaging": "file"
      },
      "destinations": {
        "current_account-current_region": {
          "bucketName": "cdk-hnb659fds-assets-${AWS::AccountId}-${AWS::Region}",
          "objectKey": "769dd443b0f1bfae11ae7c98c792435e6b69ddf77d27f0cd4b2c1451e551ccec.json",
          "assumeRoleArn": "arn:${AWS::Partition}:iam::${AWS::AccountId}:role/cdk-hnb659fds-file-publishing-role-${AWS::AccountId}-${AWS::Region}"
        }
      }
    }
  },
  "dockerImages": {}
}