{
  "version": "tree-0.1",
  "tree": {
    "id": "App",
    "path": "",
    "children": {
      "DeploymentPlanStack": {
        "id": "DeploymentPlanStack",
        "path": "DeploymentPlanStack",
        "children": {
          "DemoRunner": {
            "id": "DemoRunner",
            "path": "DeploymentPlanStack/DemoRunner",
            "children": {
              "DemoRunner": {
                "id": "DemoRunner",
                "path": "DeploymentPlanStack/DemoRunner/DemoRunner",
                "constructInfo": {
                  "fqn": "aws-cdk-lib.CfnResource",
                  "version": "2.66.1"
                }
              }
            },
            "constructInfo": {
              "fqn": "@attini/cdk.AttiniRunner",
              "version": "1.2.1"
            }
          },
          "DeployCdkApp": {
            "id": "DeployCdkApp",
            "path": "DeploymentPlanStack/DeployCdkApp",
            "constructInfo": {
              "fqn": "@attini/cdk.AttiniCdk",
              "version": "1.2.1"
            }
          },
          "EchoSnsResource": {
            "id": "EchoSnsResource",
            "path": "DeploymentPlanStack/EchoSnsResource",
            "constructInfo": {
              "fqn": "@attini/cdk.AttiniRunnerJob",
              "version": "1.2.1"
            }
          },
          "DeploymentPlan": {
            "id": "DeploymentPlan",
            "path": "DeploymentPlanStack/DeploymentPlan",
            "children": {
              "DeploymentPlan": {
                "id": "DeploymentPlan",
                "path": "DeploymentPlanStack/DeploymentPlan/DeploymentPlan",
                "constructInfo": {
                  "fqn": "aws-cdk-lib.CfnResource",
                  "version": "2.66.1"
                }
              }
            },
            "constructInfo": {
              "fqn": "@attini/cdk.DeploymentPlan",
              "version": "1.2.1"
            }
          },
          "CDKMetadata": {
            "id": "CDKMetadata",
            "path": "DeploymentPlanStack/CDKMetadata",
            "children": {
              "Default": {
                "id": "Default",
                "path": "DeploymentPlanStack/CDKMetadata/Default",
                "constructInfo": {
                  "fqn": "aws-cdk-lib.CfnResource",
                  "version": "2.66.1"
                }
              },
              "Condition": {
                "id": "Condition",
                "path": "DeploymentPlanStack/CDKMetadata/Condition",
                "constructInfo": {
                  "fqn": "aws-cdk-lib.CfnCondition",
                  "version": "2.66.1"
                }
              }
            },
            "constructInfo": {
              "fqn": "constructs.Construct",
              "version": "10.1.266"
            }
          },
          "BootstrapVersion": {
            "id": "BootstrapVersion",
            "path": "DeploymentPlanStack/BootstrapVersion",
            "constructInfo": {
              "fqn": "aws-cdk-lib.CfnParameter",
              "version": "2.66.1"
            }
          },
          "CheckBootstrapVersion": {
            "id": "CheckBootstrapVersion",
            "path": "DeploymentPlanStack/CheckBootstrapVersion",
            "constructInfo": {
              "fqn": "aws-cdk-lib.CfnRule",
              "version": "2.66.1"
            }
          }
        },
        "constructInfo": {
          "fqn": "@attini/cdk.AttiniDeploymentPlanStack",
          "version": "1.2.1"
        }
      },
      "Tree": {
        "id": "Tree",
        "path": "Tree",
        "constructInfo": {
          "fqn": "constructs.Construct",
          "version": "10.1.266"
        }
      }
    },
    "constructInfo": {
      "fqn": "aws-cdk-lib.App",
      "version": "2.66.1"
    }
  }
}