{
  "version": "29.0.0",
  "files": {
    "78f0c225040abb7ca5d318f39e67a0a1ae8d429c60037532e43ff00601517d06": {
      "source": {
        "path": "DeploymentPlanAppStack.template.json",
        "packaging": "file"
      },
      "destinations": {
        "current_account-current_region": {
          "bucketName": "cdk-hnb659fds-assets-${AWS::AccountId}-${AWS::Region}",
          "objectKey": "78f0c225040abb7ca5d318f39e67a0a1ae8d429c60037532e43ff00601517d06.json",
          "assumeRoleArn": "arn:${AWS::Partition}:iam::${AWS::AccountId}:role/cdk-hnb659fds-file-publishing-role-${AWS::AccountId}-${AWS::Region}"
        }
      }
    }
  },
  "dockerImages": {}
}