{
  "version": "29.0.0",
  "files": {
    "01b72efd4c4c5c07da140fd4333fa1fb006627483a37bff6f1b3e11af29e60c7": {
      "source": {
        "path": "python.template.json",
        "packaging": "file"
      },
      "destinations": {
        "current_account-current_region": {
          "bucketName": "cdk-hnb659fds-assets-${AWS::AccountId}-${AWS::Region}",
          "objectKey": "01b72efd4c4c5c07da140fd4333fa1fb006627483a37bff6f1b3e11af29e60c7.json",
          "assumeRoleArn": "arn:${AWS::Partition}:iam::${AWS::AccountId}:role/cdk-hnb659fds-file-publishing-role-${AWS::AccountId}-${AWS::Region}"
        }
      }
    }
  },
  "dockerImages": {}
}