{
  "version": "tree-0.1",
  "tree": {
    "id": "App",
    "path": "",
    "children": {
      "DeploymentPlanAppStack": {
        "id": "DeploymentPlanAppStack",
        "path": "DeploymentPlanAppStack",
        "children": {
          "DemoRunner": {
            "id": "DemoRunner",
            "path": "DeploymentPlanAppStack/DemoRunner",
            "children": {
              "DemoRunner": {
                "id": "DemoRunner",
                "path": "DeploymentPlanAppStack/DemoRunner/DemoRunner",
                "constructInfo": {
                  "fqn": "aws-cdk-lib.CfnResource",
                  "version": "2.63.0"
                }
              }
            },
            "constructInfo": {
              "fqn": "@attini/cdk.AttiniRunner",
              "version": "0.0.45"
            }
          },
          "HelloWorld": {
            "id": "HelloWorld",
            "path": "DeploymentPlanAppStack/HelloWorld",
            "constructInfo": {
              "fqn": "@attini/cdk.AttiniRunnerJob",
              "version": "0.0.45"
            }
          },
          "GoodbyeWorld": {
            "id": "GoodbyeWorld",
            "path": "DeploymentPlanAppStack/GoodbyeWorld",
            "constructInfo": {
              "fqn": "@attini/cdk.AttiniRunnerJob",
              "version": "0.0.45"
            }
          },
          "DemoDeploymentPlan": {
            "id": "DemoDeploymentPlan",
            "path": "DeploymentPlanAppStack/DemoDeploymentPlan",
            "children": {
              "DemoDeploymentPlan": {
                "id": "DemoDeploymentPlan",
                "path": "DeploymentPlanAppStack/DemoDeploymentPlan/DemoDeploymentPlan",
                "constructInfo": {
                  "fqn": "aws-cdk-lib.CfnResource",
                  "version": "2.63.0"
                }
              }
            },
            "constructInfo": {
              "fqn": "@attini/cdk.DeploymentPlan",
              "version": "0.0.45"
            }
          },
          "CDKMetadata": {
            "id": "CDKMetadata",
            "path": "DeploymentPlanAppStack/CDKMetadata",
            "children": {
              "Default": {
                "id": "Default",
                "path": "DeploymentPlanAppStack/CDKMetadata/Default",
                "constructInfo": {
                  "fqn": "aws-cdk-lib.CfnResource",
                  "version": "2.63.0"
                }
              },
              "Condition": {
                "id": "Condition",
                "path": "DeploymentPlanAppStack/CDKMetadata/Condition",
                "constructInfo": {
                  "fqn": "aws-cdk-lib.CfnCondition",
                  "version": "2.63.0"
                }
              }
            },
            "constructInfo": {
              "fqn": "constructs.Construct",
              "version": "10.1.237"
            }
          },
          "BootstrapVersion": {
            "id": "BootstrapVersion",
            "path": "DeploymentPlanAppStack/BootstrapVersion",
            "constructInfo": {
              "fqn": "aws-cdk-lib.CfnParameter",
              "version": "2.63.0"
            }
          },
          "CheckBootstrapVersion": {
            "id": "CheckBootstrapVersion",
            "path": "DeploymentPlanAppStack/CheckBootstrapVersion",
            "constructInfo": {
              "fqn": "aws-cdk-lib.CfnRule",
              "version": "2.63.0"
            }
          }
        },
        "constructInfo": {
          "fqn": "@attini/cdk.DeploymentPlanStack",
          "version": "0.0.45"
        }
      },
      "Tree": {
        "id": "Tree",
        "path": "Tree",
        "constructInfo": {
          "fqn": "constructs.Construct",
          "version": "10.1.237"
        }
      }
    },
    "constructInfo": {
      "fqn": "aws-cdk-lib.App",
      "version": "2.63.0"
    }
  }
}